time,treasury_safe_eth,safe2_eth,base_contract,arb_contract,eth_deposit,arb_old,bsc_old
2026-10-02 21:35 CEST,599820.05,1000.0,340898.03,256407.31,211462.39,16486.82,20175.22
2026-10-02 22:45 CEST,599820.05,1000.0,331676.11,255299.93,211462.39,16486.82,20175.22
2026-10-02 23:38 CEST,599820.05,1000.0,331062.53,254916.63,211462.39,16486.82,20175.22
2026-10-03 09:38 CEST,199710.05,1000.0,850699.21,278556.59,211462.39,16635.82,20175.22
2026-10-03 10:35 CEST,199710.05,1000.0,798039.92,259536.16,211462.39,16635.82,20175.22
2026-10-03 11:44 CEST,199710.05,1000.0,710306.99,249288.42,211462.39,16535.82,20175.22
2026-10-03 12:40 CEST,199710.05,1000.0,709775.84,248909.36,211462.39,16535.82,20175.22
2026-10-03 13:39 CEST,199710.05,1000.0,668128.16,235694.01,211462.39,16535.82,20175.22
2026-10-03 14:39 CEST,199710.05,1000.0,640518.98,233296.5,211462.39,16535.82,20175.22
2026-10-03 15:39 CEST,199710.05,1000.0,575283.71,230505.42,211462.39,16535.82,20175.22
2026-10-03 16:42 CEST,199710.05,1000.0,563197.72,227769.46,211462.39,16529.83,20175.22
2026-10-03 17:40 CEST,199710.05,1000.0,556482.49,244895.68,211462.39,16529.83,20175.22
2026-10-03 18:42 CEST,199710.05,1000.0,468946.84,217495.25,211462.39,16529.83,20175.22
2026-10-03 19:42 CEST,199710.05,1000.0,466943.56,217061.11,211462.39,16529.83,20175.22
2026-10-03 20:38 CEST,199710.05,1000.0,464644.48,217129.22,211462.39,16529.83,20175.22
2026-10-03 21:36 CEST,199710.05,1000.0,463558.42,217081.61,211462.39,16529.83,20175.22
2026-10-03 22:35 CEST,199210.05,1000.0,461584.69,216320.04,211462.39,16529.83,20175.22
2026-10-03 23:37 CEST,199210.05,1000.0,420180.57,201139.96,211462.39,16529.83,20175.22
2026-10-04 08:44 CEST,199210.05,1000.0,414232.57,200084.38,211462.39,14021.97,20175.22
2026-10-04 09:44 CEST,199210.05,1000.0,413713.43,200084.38,211462.39,14021.97,20175.22
2026-10-04 10:44 CEST,199210.05,1000.0,406272.18,167643.72,211512.39,14021.97,NA
